"","a","b","c"
"1",0.595685488777235,0.254973439266905,0.285751133458689
"2",0.419138727011159,0.679856723407283,0.761104094097391
"3",0.248673379886895,0.973047822946683,0.771632191492245
"4",0.410750751383603,0.710151324048638,0.983789407880977
"5",0.899375698063523,0.830522862728685,0.844069801503792
"6",0.63571502850391,0.247942575020716,0.759900499833748
"7",0.723839325364679,0.398540269583464,0.220296759624034
"8",0.512910645687953,0.00259530683979392,0.991865753894672
"9",0.644705365411937,0.617420135298744,0.554471267852932
"10",0.660391293698922,0.139052497688681,0.323055378859863
"11",0.697734928922728,0.797792856348678,0.774769044015557
"12",0.438273298786953,0.25555901392363,0.391041171737015
"13",0.611700857756659,0.641577567905188,0.625129712745547
"14",0.834843941265717,0.166200073668733,0.180895665194839
"15",0.0804606438614428,0.0700291893444955,0.369406449142843
"16",0.548190180212259,0.66010993742384,0.400070703355595
"17",0.696263232501224,0.76222261460498,0.931949025252834
"18",0.575021661119536,0.179988140240312,0.089320580009371
"19",0.318812299519777,0.259728939505294,0.38659399189055
"20",0.286756569053978,0.326962576713413,0.224330753786489
"21",0.813378531951457,0.331927525578067,0.77093573124148
"22",0.690904630348086,0.212289614602923,0.476238122442737
"23",0.336965922964737,0.554588143713772,0.000738830072805285
"24",0.0407277622725815,0.154508259613067,0.536879022838548
"25",0.908611938590184,0.0737876032944769,0.553560398519039
"26",0.835351058747619,0.844944445649162,0.341122678015381
"27",0.648894406156614,0.826472592307255,0.0316777860280126
"28",0.490393257001415,0.257359409704804,0.525515460176393
"29",0.172884998144582,0.129501529270783,0.0544328498654068
"30",0.750379496486858,0.515242205467075,0.208865880267695
"31",0.981464832089841,0.523661482613534,0.0473590977489948
"32",0.238756079459563,0.573024127166718,0.465669799828902
"33",0.927335903979838,0.691912590991706,0.217423401772976
"34",0.991512128151953,0.674265570938587,0.60409590927884
"35",0.0423555059824139,0.892217924119905,0.696146866306663
"36",0.31795249436982,0.620913205901161,0.0954651755746454
"37",0.863997672684491,0.292761225020513,0.841484075644985
"38",0.469800023827702,0.612123620696366,0.861301666591316
"39",0.966248199110851,0.799682476324961,0.747204418526962
"40",0.300890848739073,0.746831155614927,0.847358142957091
"41",0.0866887324955314,0.586956183426082,0.787991144694388
"42",0.82278925832361,0.370331767015159,0.271534190280363
"43",0.725252530071884,0.0698863887228072,0.0886787534691393
"44",0.144024532986805,0.932097736513242,0.534781283931807
"45",0.484908202663064,0.409898654324934,0.0114614863414317
"46",0.711247860221192,0.568316692486405,0.93000510125421
"47",0.0922657987102866,0.63142456789501,0.00491028907708824
"48",0.816134213935584,0.575799993705004,0.990392586681992
"49",0.222446606727317,0.475059796124697,0.436433742986992
"50",0.83889966737479,0.389886440709233,0.0223205704241991
"51",0.156892423750833,0.922457936219871,0.389202679973096
"52",0.649365524295717,0.780835950281471,0.266572753200307
"53",0.75638999696821,0.1218976106029,0.708565660752356
"54",0.364452003734186,0.36849376745522,0.675423983717337
"55",0.93163850158453,0.238006620435044,0.691350214881822
"56",0.294533263426274,0.495799420168623,0.347605607705191
"57",0.345676751574501,0.358797437744215,0.952655985020101
"58",0.427573364926502,0.444671729346737,0.504644996952266
"59",0.612758591771126,0.89966855966486,0.646084173349664
"60",0.476356721716002,0.478680334752426,0.411674662027508
"61",0.668583662249148,0.45913985488005,0.591399525757879
"62",0.0230003478936851,0.908157840138301,0.117377759423107
"63",0.129285892937332,0.269798030145466,0.605669373646379
"64",0.87187754153274,0.838856573216617,0.455022287089378
"65",0.704401827417314,0.29878654726781,0.109800732228905
"66",0.750414454843849,0.952000294346362,0.28494699136354
"67",0.516189567744732,0.259967700811103,0.237474241759628
"68",0.582574175903574,0.0170079302042723,0.00372662022709846
"69",0.184550615493208,0.634379989933223,0.308255301322788
"70",0.476935790386051,0.556254943599924,0.423427644418553
"71",0.262838544556871,0.673443981679156,0.89017960592173
"72",0.81428859452717,0.429437592159957,0.754220713395625
"73",0.75398124800995,0.372892455663532,0.33379969978705
"74",0.409486777149141,0.617104121716693,0.945654095849022
"75",0.491363679524511,0.354520694119856,0.939330058638006
"76",0.0246693736407906,0.872738775797188,0.886190586490557
"77",0.323414640733972,0.289147251984105,0.554785275366157
"78",0.225571619579569,0.550425930181518,0.770604307996109
"79",0.109768768306822,0.844691871432588,0.0111589445732534
"80",0.899754096288234,0.313501219963655,0.595312061021104
"81",0.0173358160536736,0.103925865376368,0.392007173970342
"82",0.170319112250581,0.157729878090322,0.853777441428974
"83",0.442754300078377,0.218890225049108,0.91486452659592
"84",0.947638928890228,0.962804667884484,0.963460960891098
"85",0.237062707776204,0.79953600699082,0.109702218789607
"86",0.995340740773827,0.192931402474642,0.916398901026696
"87",0.799251552438363,0.764232947956771,0.211582277435809
"88",0.555531143210828,0.165880032116547,0.743696770165116
"89",0.810286618769169,0.245985393412411,0.469730949262157
"90",0.0883926299866289,0.114512390689924,0.971002713311464
"91",0.155683057848364,0.81896880408749,0.480214595794678
"92",0.787834800081328,0.356692594243214,0.602741221897304
"93",0.0836503715254366,0.5553274594713,0.238034194335341
"94",0.0599735253490508,0.505494700279087,0.12984193325974
"95",0.935299235396087,0.630283260485157,0.144091674359515
"96",0.678575836587697,0.906597301131114,0.134494460420683
"97",0.153895276365802,0.696335647720844,0.535435335710645
"98",0.520906791090965,0.687676023459062,0.267376049654558
"99",0.029178258497268,0.237453075591475,0.613756424048916
"100",0.419945929897949,0.114608110394329,0.0630344655364752
"101",0.834132591960952,0.85613936977461,0.632760325679556
"102",0.879171752138063,0.191179731860757,0.861918513895944
"103",0.203733696602285,0.0543472655117512,0.123845141148195
"104",0.81187983835116,0.544570073718205,0.439230693038553
"105",0.994079478550702,0.0831262657884508,0.817285383818671
"106",0.0937704686075449,0.935016418341547,0.603286640485749
"107",0.51543206279166,0.166938090929762,0.803221396869048
"108",0.0501655151601881,0.646749625448138,0.792801266768947
"109",0.124216770520434,0.967858623014763,0.0802640276961029
"110",0.855257116258144,0.902732816059142,0.0117294010706246
"111",0.294475370552391,0.591863464564085,0.0813477660994977
"112",0.614123855018988,0.994801769498736,0.149050879525021
"113",0.114023245638236,0.901540259364992,0.732869498431683
"114",0.344565925421193,0.158165843924507,0.173054016195238
"115",0.174242919776589,0.035102877067402,0.506676643388346
"116",0.893083730246872,0.788337865378708,0.867131691193208
"117",0.0606942060403526,0.6957977572456,0.191825625253841
"118",0.0859050741419196,0.150103830266744,0.733379304641858
"119",0.944608491379768,0.174470032332465,0.721463163616136
"120",0.0747339765075594,0.914011286804453,0.977865579072386
"121",0.634558441117406,0.743700803490356,0.542586661642417
"122",0.91125907516107,0.40934855141677,0.0319946445524693
"123",0.424594152718782,0.960719445720315,0.0307943883817643
"124",0.0239345675799996,0.39442159445025,0.570979868527502
"125",0.256050240946934,0.442035153508186,0.862885233946145
"126",0.107312007341534,0.645682902308181,0.368680748855695
"127",0.12782206130214,0.209150873823091,0.324989182408899
"128",0.458569152513519,0.836589083075523,0.56943393452093
"129",0.278678445145488,0.337702141841874,0.550182511797175
"130",0.768212537979707,0.988734396873042,0.381342227570713
"131",0.573188370792195,0.218829713063315,0.327210769988596
"132",0.675689812051132,0.702749531483278,0.655753667233512
"133",0.337845382513478,0.0324829947203398,0.650155245792121
"134",0.613357075490057,0.691050702473149,0.42013812600635
"135",0.19403723301366,0.197899779072031,0.479643692495301
"136",0.141480619087815,0.56123475311324,0.257725221803412
"137",0.136910293484107,0.436827192315832,0.754596756072715
"138",0.741747597232461,0.532984084449708,0.487428211141378
"139",0.391457696910948,0.421125718625262,0.22742198058404
"140",0.617591886548325,0.0563722255174071,0.894967819331214
"141",0.679155287565663,0.73513823072426,0.0270192625466734
"142",0.213017471600324,0.063063403358683,0.81687100790441
"143",0.225856440840289,0.937402864452451,0.736623257165775
"144",0.488291372312233,0.957660115323961,0.247360985493287
"145",0.313693281030282,0.588638175511733,0.993270894745365
"146",0.985380005324259,0.581045673461631,0.0615259406622499
"147",0.186051233205944,0.907547265291214,0.261396472109482
"148",0.830821954412386,0.892106559826061,0.715821045916528
"149",0.824191764928401,0.166937508853152,0.400788811501116
"150",0.380164555972442,0.595983258914202,0.117432263679802
"151",0.915871616918594,0.194694749545306,0.862544481409714
"152",0.337826123693958,0.844599717762321,0.349892816040665
"153",0.674054154194891,0.751394781284034,0.361042696749792
"154",0.539809592766687,0.900164530612528,0.0925673765596002
"155",0.644495974527672,0.498886962188408,0.487407444510609
"156",0.409119851887226,0.613789340015501,0.381818491965532
"157",0.453130568843335,0.64799698186107,0.762855253648013
"158",0.0785027535166591,0.00811535329557955,0.398782746633515
"159",0.0244392198510468,0.498883669730276,0.404197367839515
"160",0.347307885065675,0.988353482913226,0.175482286373153
"161",0.910389877390116,0.157562933396548,0.758594308746979
"162",0.827948292251676,0.270586538594216,0.866526584606618
"163",0.160804912913591,0.655376394046471,0.537442665547132
"164",0.773905569687486,0.321510235080495,0.220977869816124
"165",0.190750452224165,0.512051571160555,0.625689870212227
"166",0.302446554414928,0.0692085451446474,0.695264857495204
"167",0.978266591206193,0.664904679404572,0.967503947671503
"168",0.790551401907578,0.380510255461559,0.978050879668444
"169",0.028415052453056,0.660036862362176,0.13474761415273
"170",0.26943084760569,0.62296039913781,0.979209252633154
"171",0.8455636263825,0.488363211974502,0.0384028421249241
"172",0.892189969075844,0.395497584016994,0.850079578813165
"173",0.20649079605937,0.820455791894346,0.357048676116392
"174",0.367645742604509,0.0868614192586392,0.545063018333167
"175",0.668792969780043,0.457899383967742,0.445317184086889
"176",0.88422318873927,0.653359030606225,0.654697512974963
"177",0.491410965332761,0.460978405317292,0.321272069588304
"178",0.328767732949927,0.704958504764363,0.5174467691686
"179",0.0391305454540998,0.662697789724916,0.780600906349719
"180",0.573822675971314,0.983712872723117,0.214131838176399
"181",0.0622673507314175,0.95535235456191,0.616567666176707
"182",0.00437917560338974,0.582111516501755,0.297842756845057
"183",0.773542018607259,0.361883245175704,0.500816679792479
"184",0.987656149314716,0.100864812964574,0.933372845873237
"185",0.264420554041862,0.15368476556614,0.113112573511899
"186",0.537219690391794,0.303042646264657,0.700744266388938
"187",0.0453686818946153,0.767962629906833,0.392257144208997
"188",0.948161186650395,0.468557819025591,0.60447528376244
"189",0.44537017843686,0.239253260660917,0.675005903933197
"190",0.304704394191504,0.738376567140222,0.971758722094819
"191",0.757771277567372,0.357404278591275,0.846842577215284
"192",0.254825623705983,0.791869481094182,0.756960659986362
"193",0.0262975147925317,0.216180130606517,0.781767675420269
"194",0.483970760600641,0.185879116179422,0.379044092493132
"195",0.979050317779183,0.281771073117852,0.544856960419565
"196",0.452758900355548,0.343990844441578,0.319901034003124
"197",0.141416820231825,0.412954396102577,0.797033923445269
"198",0.492158552166075,0.795066570164636,0.574861079920083
"199",0.479797047330067,0.59991730004549,0.964323250576854
"200",0.313597568543628,0.0961149653885514,0.736767574446276
"201",0.341229427605867,0.337990663480014,0.311402265215293
"202",0.0749128363095224,0.808740986976773,0.163680378347635
"203",0.239576560910791,0.635674816556275,0.636603351449594
"204",0.557158508803695,0.754810228478163,0.00715485797263682
"205",0.382860102225095,0.313890051329508,0.0543922155629843
"206",0.108492192812264,0.196720286738127,0.532773128012195
"207",0.139772898051888,0.93286199006252,0.0912694563157856
"208",0.0398438326083124,0.743497721385211,0.851885715033859
"209",0.471530069364235,0.634435490705073,0.200050339102745
"210",0.485841998830438,0.919244659598917,0.491816635010764
"211",0.877782423747703,0.650056635262445,0.998237107647583
"212",0.630068548023701,0.841932575684041,0.481396318413317
"213",0.290185971884057,0.069647716358304,0.54809850663878
"214",0.942058142041788,0.00117462896741927,0.406884685624391
"215",0.508222991600633,0.0181167379487306,0.454546176362783
"216",0.142428844468668,0.40428387792781,0.853470451198518
"217",0.447265820577741,0.877155792433769,0.305423019453883
"218",0.820241685258225,0.967973433434963,0.488760139327496
"219",0.0750303328968585,0.450604922370985,0.754919475875795
"220",0.27592411194928,0.0467925982084125,0.742933882400393
"221",0.10608113440685,0.298032615799457,0.935495879966766
"222",0.985432187328115,0.264996193116531,0.893777582095936
"223",0.688611957710236,0.868323128437623,0.745880351634696
"224",0.247059173649177,0.59999478654936,0.828036709222943
"225",0.32591924443841,0.708643445279449,0.0407222670037299
"226",0.773390473565087,0.489952185424045,0.512965330388397
"227",0.910536632640287,0.887757180724293,0.322696011280641
"228",0.835066705709323,0.425979024264961,0.781446137465537
"229",0.950436570681632,0.366604713955894,0.38432089635171
"230",0.103030066471547,0.407733269734308,0.732254963601008
"231",0.584179414901882,0.734742535511032,0.545971690444276
"232",0.390728269005194,0.996777192922309,0.336317948531359
"233",0.216206876328215,0.539621819974855,0.19875569222495
"234",0.424890174064785,0.00261437497101724,0.677105506649241
"235",0.762410007184371,0.0239252645988017,0.236409491859376
"236",0.350479981163517,0.950673287035897,0.516651027603075
"237",0.504496176261455,0.479319974314421,0.266033505322412
"238",0.770528367953375,0.995466882828623,0.653407739242539
"239",0.36848426098004,0.829248669557273,0.698859788710251
"240",0.121335146715865,0.273172235582024,0.575039429124445
"241",0.847793020540848,0.417163700331002,0.483937438810244
"242",0.747785954736173,0.659255172125995,0.69242614461109
"243",0.262568837031722,0.0499400016851723,0.23795439908281
"244",0.642905863933265,0.70948045887053,0.438452350441366
"245",0.331653791945428,0.857282012933865,0.964679506607354
"246",0.30329642817378,0.0169127092231065,0.525553774088621
"247",0.472268108511344,0.460721354233101,0.383407052373514
"248",0.673849614104256,0.454658773262054,0.351084708701819
"249",0.919975920580328,0.344883882440627,0.201978721423075
"250",0.425547924824059,0.392168554710224,0.587426804704592
"251",0.884723860304803,0.240786120062694,0.657458808971569
"252",0.909725952427834,0.582532713655382,0.731956521049142
"253",0.832458033924922,0.386746130650863,0.828752223635092
"254",0.792812602827325,0.990981743903831,0.450476806145161
"255",0.81191468378529,0.983495618682355,0.973648850107566
"256",0.532756861764938,0.945815282873809,0.0946644383948296
"257",0.955871646758169,0.72921915515326,0.0680221179500222
"258",0.257567549590021,0.950924951350316,0.705342354718596
"259",0.874254420166835,0.270184667082503,0.598711369559169
"260",0.766205973224714,0.986594948219135,0.309728335123509
"261",0.159474877873436,0.687626511324197,0.893493152689189
"262",0.454746456583962,0.329563092906028,0.691205620300025
"263",0.16647397656925,0.799381141085178,0.28104145033285
"264",0.383958434918895,0.713398702908307,0.938382431399077
"265",0.00956106628291309,0.587649311171845,0.407461650669575
"266",0.838709643576294,0.881017671665177,0.630519464612007
"267",0.16120853764005,0.976083267945796,0.0398112700786442
"268",0.219130895333365,0.175210412591696,0.72976536443457
"269",0.130224697291851,0.949069972150028,0.880800142651424
"270",0.608686900930479,0.491221151081845,0.923883651616052
"271",0.425489405402914,0.477989193284884,0.266392522724345
"272",0.659383669495583,0.407784974435344,0.664611127227545
"273",0.652514104964212,0.939232256961986,0.884853596100584
"274",0.729460838017985,0.110448556486517,0.365274308249354
"275",0.0714302924461663,0.199768789112568,0.0510497258510441
"276",0.825510289752856,0.713729821145535,0.0721238814294338
"277",0.61717103049159,0.00261584506370127,0.165059033082798
"278",0.356607490452006,0.763658845797181,0.363534083589911
"279",0.790493579348549,0.737885153153911,0.450264494633302
"280",0.770464292727411,0.220059186220169,0.712229762692004
"281",0.699641894781962,0.0651919518131763,0.374131033895537
"282",0.888489267090335,0.667940494371578,0.964890882140025
"283",0.409109236905351,0.660442004678771,0.773010234348476
"284",0.735369475092739,0.616446524625644,0.671179686905816
"285",0.250766896642745,0.867069319589064,0.714636089047417
"286",0.701162287732586,0.165612917393446,0.614513300359249
"287",0.246124418219551,0.893604257842526,0.516197570366785
"288",0.318372284062207,0.260793115012348,0.550217831507325
"289",0.671643019653857,0.486605742713436,0.642868311144412
"290",0.794949288712814,0.821976096136495,0.91657214704901
"291",0.202054984401911,0.361090763937682,0.852616874268278
"292",0.33440264663659,0.138674783753231,0.799310841830447
"293",0.629768082872033,0.66596031957306,0.555376673350111
"294",0.443285701330751,0.677274421788752,0.375827971380204
"295",0.722706864355132,0.0047832818236202,0.127080980921164
"296",0.922018858836964,0.413656917633489,0.931357098510489
"297",0.826843397691846,0.435630045598373,0.687708127545193
"298",0.686918274266645,0.907084145117551,0.580894865328446
"299",0.647436174796894,0.858154554385692,0.967369519872591
"300",0.72689247620292,0.61229390068911,0.0630312277935445
"301",0.226325175259262,0.428257958730683,0.552073889411986
"302",0.583491154713556,0.185534870950505,0.958343537990004
"303",0.699078356847167,0.944276620866731,0.417528689373285
"304",0.486717994557694,0.492915108799934,0.827796636149287
"305",0.268029909813777,0.483609825605527,0.193225722992793
"306",0.978576430352405,0.663598058046773,0.134654610883445
"307",0.0612145958002657,0.314112333580852,0.382868239656091
"308",0.355398187879473,0.549093228764832,0.250009149545804
"309",0.00736874574795365,0.197071938076988,0.0109339528717101
"310",0.0572558839339763,0.0486105850432068,0.321162171894684
"311",0.0436530597507954,0.931645284639671,0.980044980766252
"312",0.451619009720162,0.449127802392468,0.343397538177669
"313",0.942425327608362,0.884333966299891,0.162048311438411
"314",0.0361934707034379,0.18657718366012,0.793701495742425
"315",0.414411700796336,0.720167688094079,0.177323070121929
"316",0.317182699451223,0.815136651042849,0.479793163947761
"317",0.454178898129612,0.375621316954494,0.350227191811427
"318",0.188320490531623,0.911640968406573,0.662020808784291
"319",0.324154624482617,0.742152855265886,0.893194860545918
"320",0.000234331469982862,0.151023657992482,0.902233930770308
"321",0.0705444405321032,0.217902920907363,0.872013932093978
"322",0.351236850954592,0.696253272471949,0.234032225096598
"323",0.0415884116664529,0.43852230370976,0.693824542686343
"324",0.835885703098029,0.632962317438796,0.268976668361574
"325",0.739861007547006,0.772230369970202,0.313352352939546
"326",0.288408210268244,0.395848406013101,0.98481789464131
"327",0.981316426536068,0.180986919440329,0.59552230197005
"328",0.265508219599724,0.671877165324986,0.607514582574368
"329",0.587531897937879,0.511174021987244,0.322995283640921
"330",0.297899555414915,0.914346989942715,0.875818643718958
"331",0.95848273136653,0.273138616466895,0.586798498407006
"332",0.971127024386078,0.205677347490564,0.232547975843772
"333",0.984165154630318,0.91830304893665,0.634087492711842
"334",0.918573566712439,0.57586202188395,0.336974223144352
"335",0.75646468764171,0.00654125516302884,0.936576952692121
"336",0.227825890295208,0.926026066765189,0.757000982295722
"337",0.704959827009588,0.401354798581451,0.263808672549203
"338",0.379964858992025,0.157827017595991,0.419667250942439
"339",0.41556328185834,0.257497410988435,0.978930654935539
"340",0.878934741020203,0.730845863930881,0.336137101054192
"341",0.742721457965672,0.187580497702584,0.00762350508011878
"342",0.619583538267761,0.596611366607249,0.565551975276321
"343",0.00324559002183378,0.110780825605616,0.0644524171948433
"344",0.453232614090666,0.24029537755996,0.491220952477306
"345",0.885344069916755,0.309665437787771,0.350642244331539
"346",0.476043757749721,0.0592360366135836,0.560546465218067
"347",0.464779547648504,0.727988176979125,0.628608904778957
"348",0.929346184944734,0.224311076570302,0.191836635116488
"349",0.565877111628652,0.340468830661848,0.649011937202886
"350",0.0696841399185359,0.938475170405582,0.239294438855723
"351",0.538918253034353,0.306318261660635,0.175546640763059
"352",0.247109801042825,0.474218419753015,0.937014371156693
"353",0.431227371795103,0.218359346035868,0.922240608837456
"354",0.677435875404626,0.166877309326082,0.50852884654887
"355",0.866848966805264,0.127630359027535,0.423220198834315
"356",0.42798680998385,0.646492120111361,0.937770271673799
"357",0.40053692064248,0.269159423420206,0.284222331130877
"358",0.123265530681238,0.0216497052460909,0.900082611944526
"359",0.958503003930673,0.861158334417269,0.888784884708002
"360",0.658737109275535,0.59669148363173,0.077330881729722
"361",0.369629814988002,0.635841775219887,0.613173833815381
"362",0.398123555118218,0.509716242551804,0.832255522254854
"363",0.197176941903308,0.966367832850665,0.859756004298106
"364",0.394773291423917,0.174273639684543,0.433506238041446
"365",0.623031697701663,0.160947754047811,0.962970472173765
"366",0.565195816103369,0.503939517773688,0.493502103490755
"367",0.00345960166305304,0.0936719845049083,0.687481113476679
"368",0.346990264952183,0.111433148616925,0.154277926078066
"369",0.625597028294578,0.199010949814692,0.14362656371668
"370",0.0326107183936983,0.755100047681481,0.826574124861509
"371",0.88896282017231,0.730374678038061,0.662150813965127
"372",0.0615017816890031,0.677603593561798,0.892000774852931
"373",0.106555639766157,0.750071903457865,0.278642184333876
"374",0.278857002034783,0.71425704844296,0.984287386992946
"375",0.204288593027741,0.330361485946923,0.721706324256957
"376",0.197068497538567,0.483104306273162,0.956749884411693
"377",0.233424166683108,0.949262395966798,0.155904054176062
"378",0.78181114862673,0.68952066428028,0.0980320670641959
"379",0.0770596812944859,0.860060370294377,0.118972423486412
"380",0.487907093251124,0.219707371201366,0.495803778059781
"381",0.0576112770941108,0.107680341461673,0.00605016597546637
"382",0.0727436491288245,0.943045340944082,0.299015188356861
"383",0.527532512322068,0.800711071584374,0.850730388425291
"384",0.537359994836152,0.033988177543506,0.554567001294345
"385",0.744695944478735,0.483852512435988,0.429002283606678
"386",0.837036085082218,0.628118857275695,0.796369396150112
"387",0.390738449292257,0.924579102778807,0.765419547678903
"388",0.275350453332067,0.389474343974143,0.0694096521474421
"389",0.267035069875419,0.116767380619422,0.183859068201855
"390",0.529815006768331,0.815433127805591,0.588896469445899
"391",0.743155115516856,0.666248806752264,0.448981243185699
"392",0.98600510484539,0.260590233840048,0.986010217806324
"393",0.902893139515072,0.129437695257366,0.839420030359179
"394",0.78669999842532,0.556144329253584,0.0940536735579371
"395",0.632131570018828,0.315790283028036,0.222306129755452
"396",0.294963366352022,0.0490117731969804,0.707934936974198
"397",0.645451853750274,0.49939264729619,0.210422211326659
"398",0.0546571041923016,0.0235873439814895,0.690362218534574
"399",0.660002507967874,0.602022762410343,0.171520571224391
"400",0.232275504386052,0.303512095008045,0.156017266213894
"401",0.330547869903967,0.30545413447544,0.987489146878943
"402",0.361017346847802,0.024806743953377,0.542266844306141
"403",0.0792111456394196,0.555375675437972,0.961666480172426
"404",0.162210300331935,0.619119490729645,0.757724807830527
"405",0.884057324146852,0.963634600862861,0.947919169673696
"406",0.232337462948635,0.730314262909815,0.383722092956305
"407",0.61605844181031,0.238394984509796,0.475706646917388
"408",0.928583740722388,0.772974213119596,0.429392026504502
"409",0.917814374202862,0.714960999088362,0.403177655534819
"410",0.968459154246375,0.489733362337574,0.867560672806576
"411",0.82509665726684,0.162705973256379,0.160614102846012
"412",0.501395110506564,0.76329698623158,0.345401005353779
"413",0.391704106936231,0.818664324004203,0.237342752050608
"414",0.0895105439703912,0.859732515411451,0.71674790373072
"415",0.0992674701847136,0.972163037396967,0.195904091233388
"416",0.56012811139226,0.450814878102392,0.455355697544292
"417",0.598914179252461,0.884531691437587,0.182448951527476
"418",0.614095372613519,0.76719438820146,0.486608396051452
"419",0.563185430830345,0.316549950046465,0.438393936725333
"420",0.451260101981461,0.583144924836233,0.258000096539035
"421",0.948252382921055,0.258412897586823,0.523077302612364
"422",0.549799333326519,0.838255492039025,0.763284416403621
"423",0.852080072741956,0.206289320951328,0.848904372891411
"424",0.219928678357974,0.0647041704505682,0.07012511161156
"425",0.450557424221188,0.352894879644737,0.356829091440886
"426",0.155538169899955,0.492675916058943,0.889930611941963
"427",0.976526763290167,0.229140381794423,0.438023110385984
"428",0.833207886200398,0.277803771663457,0.297632943373173
"429",0.464019704610109,0.18267208780162,0.492794142104685
"430",0.336028238059953,0.581704483600333,0.318952570669353
"431",0.82085536327213,0.255053670145571,0.428046443033963
"432",0.202817535260692,0.674416862195358,0.511723315343261
"433",0.743477790616453,0.528603421756998,0.508546281140298
"434",0.919236937072128,0.747311271028593,0.808615804184228
"435",0.884812474716455,0.375851842109114,0.194208483910188
"436",0.506787256337702,0.299104742705822,0.568351860856637
"437",0.661929985275492,0.941396771231666,0.138826341135427
"438",0.967662429669872,0.51002373197116,0.854287112131715
"439",0.203791204374284,0.319198924349621,0.33134748856537
"440",0.246249560266733,0.709524267120287,0.652565176133066
"441",0.35780465346761,0.518141435924917,0.635315725114197
"442",0.4134325098712,0.660930820275098,0.510346291121095
"443",0.545509580057114,0.0549961782526225,0.844363528769463
"444",0.752567942719907,0.638340545585379,0.985561166889966
"445",0.219568352214992,0.146986039122567,0.714841753477231
"446",0.699905941495672,0.222254897467792,0.523743427824229
"447",0.965319794137031,0.226401960710064,0.371216593310237
"448",0.532100079581141,0.305341359227896,0.676273141754791
"449",0.250510268844664,0.169927668059245,0.568676596274599
"450",0.521446982165799,0.0361330898012966,0.76404383755289
"451",0.710707478690892,0.590899826027453,0.341414096299559
"452",0.23048243089579,0.382101703435183,0.192850810009986
"453",0.595751514425501,0.153191029559821,0.793881202349439
"454",0.833087483188137,0.32627588766627,0.119659314863384
"455",0.710750117665157,0.940808590268716,0.166480045067146
"456",0.837517670122907,0.822869403054938,0.0564793257508427
"457",0.703937147045508,0.400723769562319,0.0552828428335488
"458",0.574283740716055,0.0805559903383255,0.251214122865349
"459",0.44421104551293,0.854218203574419,0.170674325665459
"460",0.60756792104803,0.897257376695052,0.692037803586572
"461",0.358341983752325,0.953241835115477,0.59882196248509
"462",0.886888584354892,0.406108873197809,0.960535673890263
"463",0.285230546724051,0.164540590485558,0.35758877848275
"464",0.574819232104346,0.180278668180108,0.629069870337844
"465",0.921646472299471,0.654383832588792,0.0536401027347893
"466",0.975147773977369,0.925541069591418,0.400328457122669
"467",0.482133047655225,0.0620468005072325,0.719108235556632
"468",0.555161105003208,0.494534025667235,0.0276279426179826
"469",0.645243774401024,0.968916611745954,0.458174599101767
"470",0.0572107762563974,0.297918236581609,0.0506342882290483
"471",0.67564078932628,0.168882788624614,0.583980862284079
"472",0.212719338014722,0.790972360409796,0.990660794079304
"473",0.36318323132582,0.196490364149213,0.135006821714342
"474",0.889590620761737,0.368727054446936,0.848074473673478
"475",0.958676235983148,0.270207003457472,0.592237902572379
"476",0.357431212207302,0.0750546695198864,0.857864815276116
"477",0.584743509301916,0.614200670970604,0.737740149488673
"478",0.435420515015721,0.968648615060374,0.733086430467665
"479",0.945112898712978,0.113356321584433,0.454210937488824
"480",0.712423678487539,0.521208053920418,0.632693136110902
"481",0.881384997628629,0.242325972765684,0.287535277893767
"482",0.194694587960839,0.51928681274876,0.59165944182314
"483",0.12218931177631,0.252147327410057,0.938619189662859
"484",0.892259554704651,0.0974350592587143,0.0679972502402961
"485",0.354308520210907,0.337602619314566,0.692133620148525
"486",0.778588759945706,0.141859992174432,0.258156568044797
"487",0.388230915647,0.622819271404296,0.631778466748074
"488",0.138428023084998,0.491809397470206,0.133538437541574
"489",0.919431894086301,0.295275017386302,0.577030431944877
"490",0.526909668464214,0.239320270484313,0.660783792147413
"491",0.854542376240715,0.276995834894478,0.187288227491081
"492",0.94576855795458,0.847070034593344,0.600372346583754
"493",0.750470815226436,0.227663194295019,0.732794613577425
"494",0.891068306053057,0.860452385852113,0.445880233542994
"495",0.212379940319806,0.535215998766944,0.134836626704782
"496",0.352301683975384,0.710473365150392,0.538314742268994
"497",0.255180238513276,0.743868126533926,0.583184686722234
"498",0.0885293893516064,0.943718757480383,0.735378550365567
"499",0.735772469313815,0.243804669938982,0.786639435216784
"500",0.642413734458387,0.602128731552511,0.583376625319943
"501",0.0699945474043489,0.629961824277416,0.0833109219092876
"502",0.358080257195979,0.897098829736933,0.0777589962817729
"503",0.759918421739712,0.824991365196183,0.823550440371037
"504",0.915380527032539,0.876004578080028,0.724872678518295
"505",0.44193175714463,0.419465180020779,0.618496403098106
"506",0.614816822577268,0.952878646785393,0.184063129592687
"507",0.870394696015865,0.186095661716536,0.0391039215028286
"508",0.761331358924508,0.735540553927422,0.195604436565191
"509",0.289918803842738,0.459607240743935,0.775288472883403
"510",0.174183644820005,0.120108396047726,0.594335432397202
"511",0.0166205374989659,0.413395739393309,0.43737709056586
"512",0.132626056438312,0.787832173751667,0.421685944776982
"513",0.48673735326156,0.188543754862621,0.690912489313632
"514",0.737080940511078,0.886853220174089,0.66837471537292
"515",0.954790627816692,0.417696867370978,0.14340374385938
"516",0.408582478063181,0.292927066795528,0.179647017270327
"517",0.0910646601114422,0.997015385655686,0.727526610950008
"518",0.0856256459373981,0.881563131697476,0.603409533156082
"519",0.900187154999003,0.487015280872583,0.121102512581274
"520",0.225152260391042,0.289047621190548,0.489679323509336
"521",0.633472683373839,0.336081153713167,0.132977442117408
"522",0.130168144358322,0.761161100352183,0.155487421201542
"523",0.50136271561496,0.654507247498259,0.821624130243436
"524",0.413185105659068,0.980977945495397,0.206308349967003
"525",0.230225899023935,0.1950803110376,0.696083534974605
"526",0.446579537820071,0.467054286273196,0.0117658672388643
"527",0.2684242175892,0.846216644626111,0.573998256586492
"528",0.2066727115307,0.116740244207904,0.320515264291316
"529",0.463145756861195,0.964094842085615,0.536454132990912
"530",0.681655851192772,0.00459644198417664,0.78428114997223
"531",0.885035891551524,0.721868801629171,0.984928073361516
"532",0.192353524733335,0.661986673483625,0.100736017571762
"533",0.26104178908281,0.280713882762939,0.709677812410519
"534",0.0913827342446893,0.552495710086077,0.640607241773978
"535",0.176768355071545,0.218560417415574,0.728014388121665
"536",0.528127170633525,0.690760626224801,0.274423292605206
"537",0.691271169111133,0.108738026814535,0.746868323301896
"538",0.678709508385509,0.585916229058057,0.828467512503266
"539",0.188928285380825,0.212902909144759,0.414775035809726
"540",0.613769950112328,0.521416154922917,0.600756136933342
"541",0.962571653537452,0.0981510516721755,0.456181440502405
"542",0.0019574377220124,0.474653087323532,0.536131093744189
"543",0.424364651786163,0.0860539458226413,0.643771342001855
"544",0.00977976224385202,0.232002441771328,0.0258205838035792
"545",0.720663667889312,0.698234213516116,0.674326751613989
"546",0.0417355983518064,0.933200387749821,0.0662923245690763
"547",0.329137432621792,0.867435200605541,0.762418926460668
"548",0.795316926203668,0.381009379867464,0.206624511163682
"549",0.833594089606777,0.640217237407342,0.90232183970511
"550",0.148002341622487,0.803343653911725,0.519943137187511
"551",0.499336719978601,0.28155253152363,0.996684923069552
"552",0.190190807683393,0.343934470321983,0.881394335767254
"553",0.0339592252857983,0.0242541693150997,0.686459683114663
"554",0.344434704864398,0.237741634482518,0.172643003985286
"555",0.195461161667481,0.149264617124572,0.807453454937786
"556",0.102365234401077,0.0165276853367686,0.919973255135119
"557",0.551868135109544,0.119732060702518,0.322209050646052
"558",0.555111500201747,0.707224550191313,0.62662989529781
"559",0.433951252140105,0.269384941784665,0.398106755455956
"560",0.881708652945235,0.586067835101858,0.100124188233167
"561",0.676860593492165,0.781218655174598,0.56637715944089
"562",0.0174052808433771,0.561665841611102,0.902388110756874
"563",0.992073252331465,0.988320949254557,0.60615072841756
"564",0.602828855626285,0.894265602109954,0.356604397995397
"565",0.219495548866689,0.0186546384356916,0.465084321331233
"566",0.827815217664465,0.690365142188966,0.691797196865082
"567",0.265572188887745,0.996021551545709,0.304427778813988
"568",0.267641850979999,0.378631573403254,0.778931047767401
"569",0.95915947901085,0.250131845939904,0.704291939036921
"570",0.496369378874078,0.291424375958741,0.436188702005893
"571",0.479504356626421,0.214897841913626,0.454461319372058
"572",0.698546762112528,0.639660642715171,0.864806095603853
"573",0.832749157678336,0.190105181420222,0.281875230139121
"574",0.964561035856605,0.860682361992076,0.88210271904245
"575",0.0657499327789992,0.575613530818373,0.929914712673053
"576",0.0279047728981823,0.799865377601236,0.996643074089661
"577",0.0254562045447528,0.828264250885695,0.240134845022112
"578",0.578978950856254,0.39570506545715,0.203568022232503
"579",0.23009585076943,0.949495025910437,0.444562385091558
"580",0.608912195777521,0.199125399347395,0.950116257648915
"581",0.0196449519135058,0.939205049769953,0.0902939224615693
"582",0.201499700546265,0.33588730217889,0.57746069598943
"583",0.680391882546246,0.31949951313436,0.893850101623684
"584",0.978801259305328,0.605495010735467,0.121519965585321
"585",0.421467223204672,0.815449185436592,0.760454284725711
"586",0.666076953755692,0.623158821603283,0.478499557124451
"587",0.183004495222121,0.566800158470869,0.971122900955379
"588",0.856323843821883,0.833583481376991,0.671935775084421
"589",0.409308029105887,0.377486654790118,0.624124357011169
"590",0.272316131740808,0.301238497253507,0.420813747216016
"591",0.250106420600787,0.215760458260775,0.872502778889611
"592",0.858672239352018,0.497708370443434,0.981578618753701
"593",0.270035076420754,0.588618922047317,0.623217158252373
"594",0.238124761730433,0.82967728888616,0.714875125791878
"595",0.962326566921547,0.314555103890598,0.831694088177755
"596",0.429023762000725,0.762938865227625,0.836045879870653
"597",0.812402354087681,0.621960946591571,0.947284040041268
"598",0.691377972718328,0.301016421988606,0.857589680934325
"599",0.895823300117627,0.255606506951153,0.568569906521589
"600",0.420908000320196,0.364200651179999,0.0903427167795599
"601",0.469513456337154,0.975447437027469,0.999093470163643
"602",0.535814596572891,0.116314115235582,0.823496329132468
"603",0.581976372748613,0.95603849622421,0.657441181596369
"604",0.842529915738851,0.696012405212969,0.909481779439375
"605",0.587047870503739,0.163361806888133,0.937900854507461
"606",0.0305382229853421,0.516008004313335,0.914394635008648
"607",0.493087165988982,0.309586862800643,0.096678264439106
"608",0.700133507372811,0.756389072863385,0.612410062225536
"609",0.841778185684234,0.681219302117825,0.348594994517043
"610",0.303406728897244,0.799616362899542,0.175752621609718
"611",0.853205111343414,0.481396723305807,0.190908770542592
"612",0.887039376655594,0.256220882060006,0.030061800731346
"613",0.634895194787532,0.716885301051661,0.878381899790838
"614",0.30404722946696,0.777186478953809,0.129761177347973
"615",0.675293515436351,0.628318042727187,0.497482659062371
"616",0.862281186738983,0.884437876055017,0.286545313661918
"617",0.0557925244793296,0.670629704603925,0.723341308068484
"618",0.688585502794012,0.0147027433849871,0.937881004763767
"619",0.638240648433566,0.586250965949148,0.859212767332792
"620",0.404146410757676,0.440733520081267,0.988267362816259
"621",0.974078216124326,0.76452977117151,0.580634101526812
"622",0.98282960196957,0.59678557747975,0.0975358302239329
"623",0.636027537751943,0.978161339648068,0.511869150446728
"624",0.882709241239354,0.41644453140907,0.450767761329189
"625",0.100196884712204,0.458824331872165,0.0934289796277881
"626",0.814676254987717,0.62041777279228,0.37777383485809
"627",0.594757313840091,0.73853425658308,0.0344232281204313
"628",0.80745077948086,0.585806022863835,0.187364267883822
"629",0.431004419689998,0.016962434630841,0.0279277986846864
"630",0.95115710538812,0.252475056797266,0.641926421085373
"631",0.995783706428483,0.350260648410767,0.816558581311256
"632",0.925860333489254,0.167586548486724,0.159128026571125
"633",0.881599077722058,0.185991623904556,0.0589869040995836
"634",0.771743346238509,0.098090301733464,0.578816091176122
"635",0.387428460642695,0.458778991363943,0.580576584674418
"636",0.245037284679711,0.754920496139675,0.780441490467638
"637",0.941133798332885,0.835034585790709,0.822918518213555
"638",0.214351875940338,0.986001023789868,0.174231700599194
"639",0.585468485485762,0.946994853205979,0.108547892188653
"640",0.396629426395521,0.460463894996792,0.745105139678344
"641",0.131984238047153,0.691931079840288,0.758414029609412
"642",0.341667271917686,0.283313862746581,0.450772297102958
"643",0.198577248025686,0.926774444291368,0.0554277675691992
"644",0.579772318946198,0.190288841025904,0.825651082443073
"645",0.656709995586425,0.338808603351936,0.0866780790966004
"646",0.232100309338421,0.865966707235202,0.385836613364518
"647",0.462926865322515,0.381140523357317,0.90460783126764
"648",0.767040675738826,0.180517648812383,0.36410369630903
"649",0.78479983471334,0.636707369703799,0.467433987883851
"650",0.628033165587112,0.88982776296325,0.018591623287648
"651",0.0292371809482574,0.445179017493501,0.574372914154083
"652",0.00338574731722474,0.124409198993817,0.519922376610339
"653",0.219129827572033,0.14312416058965,0.537378449458629
"654",0.276878783479333,0.211250656982884,0.85335535579361
"655",0.65636914758943,0.930397972231731,0.627717541763559
"656",0.693060321500525,0.0965870094951242,0.297313319053501
"657",0.28454527258873,0.731600442668423,0.303639125311747
"658",0.0639172522351146,0.293156575877219,0.668000589357689
"659",0.650331558194011,0.108885713620111,0.257198886247352
"660",0.359844222897664,0.805792599683627,0.718174270354211
"661",0.634956623660401,0.678077559452504,0.784044931875542
"662",0.31913233990781,0.780017654178664,0.630842164624482
"663",0.616290456382558,0.0236239542718977,0.323826600098982
"664",0.680580394575372,0.159984420053661,0.137032672995701
"665",0.03459243895486,0.443562373518944,0.236375299515203
"666",0.070060561876744,0.633198670810089,0.700799321057275
"667",0.370669285068288,0.765254208352417,0.257420883048326
"668",0.179845318431035,0.331185677088797,0.92781088128686
"669",0.74652422987856,0.244002677733079,0.0698566655628383
"670",0.676514822756872,0.577324013691396,0.0580281259026378
"671",0.0173972535412759,0.731089406646788,0.473096928559244
"672",0.238076843554154,0.467634309083223,0.37419071351178
"673",0.122538138646632,0.614651826908812,0.118720408529043
"674",0.352552496595308,0.919878540793434,0.447507594479248
"675",0.519575351616368,0.947502454277128,0.49909064010717
"676",0.97761776461266,0.745827913284302,0.121513711754233
"677",0.0941009751986712,0.0460540060885251,0.566552625736222
"678",0.291101949522272,0.701910531381145,0.760258725844324
"679",0.830025606555864,0.302919738227502,0.309615165926516
"680",0.0238076292444021,0.951742538716644,0.982419718755409
"681",0.929858105722815,0.738468500087038,0.734256005380303
"682",0.849571685772389,0.358482435811311,0.31618371931836
"683",0.512032342841849,0.75963796605356,0.287130213342607
"684",0.199100167723373,0.0747729639988393,0.0468271158169955
"685",0.220783006167039,0.754854228580371,0.101153149036691
"686",0.154588812729344,0.94934942969121,0.238043415127322
"687",0.917329767020419,0.867785145761445,0.939509079558775
"688",0.750084547093138,0.0272170847747475,0.0168916380498558
"689",0.570606046821922,0.69725266774185,0.298951963428408
"690",0.486746870912611,0.621625347761437,0.387971092248335
"691",0.38767998968251,0.397870361804962,0.792912653181702
"692",0.987631699535996,0.796389831928536,0.622640033951029
"693",0.660685397451743,0.61926217423752,0.814425078220665
"694",0.324861540691927,0.0718724085018039,0.929861652199179
"695",0.0247921664267778,0.843125408980995,0.153447308111936
"696",0.577254434581846,0.458799530286342,0.0361054430250078
"697",0.598672414431348,0.909557407721877,0.574572972254828
"698",0.512563838856295,0.871172111481428,0.518087211297825
"699",0.466241254704073,0.293758355081081,0.761387219186872
"700",0.0367807662114501,0.272391307866201,0.460578098660335
"701",0.45320391911082,0.276477579027414,0.762164294254035
"702",0.471901461714879,0.324920071521774,0.524862713878974
"703",0.544477581046522,0.872336529428139,0.496831353055313
"704",0.964395459275693,0.461120194755495,0.117536718491465
"705",0.0390059994533658,0.0679897048976272,0.839739882387221
"706",0.671708993380889,0.368030665442348,0.866012473357841
"707",0.915256420150399,0.475064685801044,0.163723001955077
"708",0.116838550195098,0.598781367996708,0.277042627567425
"709",0.779621907742694,0.360527493525296,0.303187833633274
"710",0.598021418554708,0.765803584596142,0.505213968688622
"711",0.952981224283576,0.185415876563638,0.838274393929169
"712",0.452646328601986,0.046096706064418,0.502565000904724
"713",0.899851531954482,0.75142524135299,0.0356996483169496
"714",0.753955164924264,0.224422888131812,0.68994554085657
"715",0.0760637002531439,0.0237740541342646,0.893700992921367
"716",0.0795984386932105,0.509663095232099,0.0474802860990167
"717",0.663359884172678,0.427012405591086,0.599415631266311
"718",0.717463245149702,0.0267337337136269,0.623098319163546
"719",0.144858384272084,0.387159994803369,0.686946919653565
"720",0.738166006281972,0.629852355225012,0.113611483946443
"721",0.133989046793431,0.575773648452014,0.242486158618703
"722",0.171533247688785,0.353441829094663,0.00302860350348055
"723",0.509872385999188,0.244857439305633,0.632638251874596
"724",0.0648188698105514,0.769110985798761,0.224563768599182
"725",0.466465119970962,0.969965608092025,0.32323750318028
"726",0.605087626725435,0.202347286045551,0.991871221689507
"727",0.0952400839887559,0.22261418052949,0.104117245413363
"728",0.614677866455168,0.315569382859394,0.581974084489048
"729",0.182430751621723,0.807561264606193,0.50998494355008
"730",0.956267336383462,0.00805049971677363,0.33431355189532
"731",0.901879560900852,0.938567364821211,0.335369691252708
"732",0.683212775504217,0.660157520556822,0.615834642900154
"733",0.600232928758487,0.987693920498714,0.659952558577061
"734",0.904487317893654,0.120117553509772,0.358369305729866
"735",0.21011898224242,0.908990993862972,0.266911510378122
"736",0.964541821042076,0.555959464516491,0.656075122766197
"737",0.77203354681842,0.807094500632957,0.74004666483961
"738",0.849755657138303,0.167941126506776,0.248483849456534
"739",0.647827785927802,0.660448687849566,0.328637581784278
"740",0.697253769496456,0.30706553789787,0.253531367983669
"741",0.648891272954643,0.832277250243351,0.697440661955625
"742",0.346752304583788,0.69191199587658,0.700521937338635
"743",0.664491232484579,0.518611949170008,0.27210875088349
"744",0.0654910705052316,0.848499223124236,0.125533984042704
"745",0.407542204484344,0.619357631541789,0.323269485030323
"746",0.502389584202319,0.21821966371499,0.267793333157897
"747",0.635679478989914,0.18157694931142,0.283181117381901
"748",0.803726365789771,0.727543905843049,0.546309118857607
"749",0.147793650627136,0.203554235864431,0.832251533633098
"750",0.767259501386434,0.115224883425981,0.459188521606848
"751",0.556458732113242,0.374452857300639,0.802359168184921
"752",0.636364829493687,0.0595271498896182,0.479877952719107
"753",0.539289909182116,0.195518025197089,0.83033992885612
"754",0.913301203399897,0.627540096873417,0.789290866116062
"755",0.654108402784914,0.557710955152288,0.351203198544681
"756",0.386419969843701,0.70638400153257,0.41820070007816
"757",0.844390164129436,0.325660061556846,0.0865995162166655
"758",0.97051410889253,0.619597547920421,0.637232346925884
"759",0.84511342830956,0.942136575467885,0.742482361849397
"760",0.493068421259522,0.247066180454567,0.905474298866466
"761",0.0279756570234895,0.781236630864441,0.871113527333364
"762",0.705774781759828,0.540106004569679,0.324285487877205
"763",0.748830258846283,0.314869682304561,0.0972837740555406
"764",0.294584340881556,0.803526742849499,0.314604452811182
"765",0.827418885426596,0.953311426565051,0.463925054995343
"766",0.467780865496024,0.351465484825894,0.627457145601511
"767",0.499578490620479,0.0257620750926435,0.749005532125011
"768",0.488179495092481,0.282579915132374,0.338966175448149
"769",0.189584555337206,0.102403389057145,0.422290559159592
"770",0.442256547743455,0.179843286518008,0.0183867884334177
"771",0.877618864644319,0.492377890972421,0.461933432845399
"772",0.495666540693492,0.241110413335264,0.100801552413031
"773",0.386657876661047,0.766623537521809,0.401595105184242
"774",0.0839907401241362,0.629786216886714,0.759612920694053
"775",0.407303975895047,0.292230548104271,0.991354307625443
"776",0.749060329748318,0.936417129356414,0.776720242574811
"777",0.647128627635539,0.222852337639779,0.707117262296379
"778",0.124207976507023,0.23295589373447,0.496491066645831
"779",0.0302345321979374,0.337344181723893,0.36338764987886
"780",0.66370562533848,0.987316359300166,0.773961635306478
"781",0.571175091899931,0.382107573794201,0.429251249181107
"782",0.349381908308715,0.682201111922041,0.639685525326058
"783",0.75400395761244,0.175604175776243,0.40714804129675
"784",0.107390450313687,0.94673979235813,0.459882790455595
"785",0.822566612623632,0.245137271936983,0.530372641282156
"786",0.676150866551325,0.589069248177111,0.000944485887885094
"787",0.91118799499236,0.69118848675862,0.816300009610131
"788",0.0791527775581926,0.219976380001754,0.277199341682717
"789",0.951525936601683,0.0696825420018286,0.352177002467215
"790",0.973437753738835,0.58074126043357,0.318187939701602
"791",0.259253930998966,0.402053404599428,0.041082835290581
"792",0.715512137394398,0.863771514967084,0.942461766302586
"793",0.678361668018624,0.0679491523187608,0.33452745527029
"794",0.824533150298521,0.394197648158297,0.860360214486718
"795",0.204824148211628,0.864256596425548,0.914969089441001
"796",0.061131136957556,0.0730579870287329,0.297142827650532
"797",0.1325441414956,0.567264539888129,0.199067682493478
"798",0.726285906741396,0.59409031434916,0.363322579767555
"799",0.237483013421297,0.393808149499819,0.863905355334282
"800",0.170861547579989,0.739907317329198,0.782368554966524
"801",0.820850673131645,0.564218382816762,0.233115321258083
"802",0.913142925128341,0.239339113701135,0.0402822564356029
"803",0.603849689010531,0.356336839031428,0.0671077342703938
"804",0.394917995203286,0.269924063002691,0.249760258477181
"805",0.306085028452799,0.0497911619022489,0.405286028049886
"806",0.00120288971811533,0.555010012816638,0.188837337773293
"807",0.793797047343105,0.813386989058927,0.0680112261325121
"808",0.40562261454761,0.748977373121306,0.708247833885252
"809",0.652053656522185,0.835349103203043,0.423855742439628
"810",0.392739227041602,0.712427474092692,0.620888776378706
"811",0.711372633930296,0.35128498240374,0.649708079406992
"812",0.883054765174165,0.903356105089188,0.634589582681656
"813",0.330970949027687,0.965021683136001,0.157777759712189
"814",0.520415367092937,0.0268308378290385,0.382599222706631
"815",0.214340731967241,0.111972320824862,0.400073242839426
"816",0.629695897223428,0.0112836062908173,0.545854475116357
"817",0.806384020484984,0.448629520600662,0.516904202988371
"818",0.702505083056167,0.108109169639647,0.809670480201021
"819",0.0671160554047674,0.343385319691151,0.153791497694328
"820",0.730402736691758,0.580985676962882,0.269596257712692
"821",0.447552195983008,0.792700160061941,0.767620677826926
"822",0.530575218610466,0.81383870402351,0.448672322323546
"823",0.309577520005405,0.372286825673655,0.119429137790576
"824",0.397092808503658,0.70768897770904,0.717497067758814
"825",0.900141327641904,0.660281374119222,0.0636615224648267
"826",0.178298088721931,0.0167724846396595,0.925743376370519
"827",0.359024315373972,0.549564058892429,0.0226438962854445
"828",0.546810138737783,0.60497752414085,0.21537539572455
"829",0.349016273161396,0.748004062566906,0.85520703624934
"830",0.0162417332176119,0.45361451106146,0.991695271804929
"831",0.357020786497742,0.419542417163029,0.00603215489536524
"832",0.374704180983827,0.293125363765284,0.678220739355311
"833",0.277085992041975,0.200696859508753,0.377681755227968
"834",0.229439376387745,0.38142999005504,0.281129032373428
"835",0.471710149664432,0.575555548071861,0.675789904082194
"836",0.177277185255662,0.483176114736125,0.96724463487044
"837",0.881720553385094,0.652031656121835,0.327313503948972
"838",0.775754688773304,0.75363408611156,0.642352563794702
"839",0.89703402784653,0.590528883971274,0.152080030413345
"840",0.64041200093925,0.13416528631933,0.780283339321613
"841",0.362640217412263,0.292614976176992,0.12594329379499
"842",0.203485532198101,0.985164840472862,0.292917520040646
"843",0.622898573288694,0.131810249993578,0.284573699347675
"844",0.327888159547001,0.377414922229946,0.335999208269641
"845",0.188626552000642,0.5370672440622,0.799355254042894
"846",0.251138283871114,0.652970481198281,0.681728145340458
"847",0.45421922323294,0.179784648120403,0.707469943910837
"848",0.211589878890663,0.346654246095568,0.288437786977738
"849",0.579388754442334,0.0847313629928976,0.574414056958631
"850",0.946404324145988,0.967082574730739,0.126219009980559
"851",0.925309470389038,0.911075226729736,0.147204961860552
"852",0.507387320511043,0.0212063128128648,0.130793741904199
"853",0.878689498640597,0.92240144778043,0.959258112125099
"854",0.13931560376659,0.059628096409142,0.00145723251625896
"855",0.844605879858136,0.971553292125463,0.0325155125465244
"856",0.901379110757262,0.935188952600583,0.795380628202111
"857",0.69295841222629,0.673079731175676,0.506254643667489
"858",0.4427846937906,0.156229718355462,0.110416933661327
"859",0.00205543404445052,0.371902280719951,0.146408829372376
"860",0.0110685050021857,0.862082102335989,0.436534089734778
"861",0.355517086340114,0.0414186492562294,0.283159539103508
"862",0.466243261937052,0.0728270744439214,0.931899667950347
"863",0.376956157386303,0.66893366468139,0.856442374642938
"864",0.578892023069784,0.893353764200583,0.567604679381475
"865",0.616146352840587,0.858155605848879,0.587522372836247
"866",0.890618835343048,0.332889937097207,0.992537001147866
"867",0.327933163614944,0.820845129434019,0.152732376940548
"868",0.501816184725612,0.502740423195064,0.937170349061489
"869",0.983182758558542,0.360091157257557,0.610890534473583
"870",0.0977278058417141,0.549560508225113,0.825303019490093
"871",0.392000284511596,0.786638003773987,0.931293117348105
"872",0.345624224515632,0.341039201244712,0.37509392015636
"873",0.864144546445459,0.025882092770189,0.0456643896177411
"874",0.959024990675971,0.713423374341801,0.588565397076309
"875",0.401857930468395,0.544006299925968,0.0846442736219615
"876",0.846851031295955,0.9459682200104,0.569996514823288
"877",0.323016342706978,0.476620462490246,0.975425678770989
"878",0.298899860586971,0.158183465944603,0.600508763920516
"879",0.590523683233187,0.54593633976765,0.0939469677396119
"880",0.801222558831796,0.694738094694912,0.48584046238102
"881",0.920692038722336,0.788024697219953,0.136492006015033
"882",0.794333295430988,0.638224410591647,0.440173153532669
"883",0.863196006044745,0.272599449148402,0.060568158980459
"884",0.0908123319968581,0.578031927812845,0.485970265464857
"885",0.737653769552708,0.527947732014582,0.506638936698437
"886",0.851553193060681,0.847102507716045,0.987533387262374
"887",0.120776219526306,0.527091702912003,0.753059461712837
"888",0.130720679648221,0.17004806199111,0.208320709876716
"889",0.0648046138230711,0.374441155232489,0.485255321254954
"890",0.75519312475808,0.680572226177901,0.799300427082926
"891",0.626355125568807,0.41353269200772,0.467374022351578
"892",0.643789130495861,0.466464612865821,0.389326022472233
"893",0.217505233827978,0.255874927155674,0.407206956297159
"894",0.741673510055989,0.129146093036979,0.710247707087547
"895",0.996595707256347,0.397994558792561,0.445723953424022
"896",0.330030005890876,0.408856490626931,0.160237702075392
"897",0.446867214515805,0.432395060546696,0.947474494110793
"898",0.193129705730826,0.486732794903219,0.362888657255098
"899",0.313627294497564,0.634592802729458,0.649428008357063
"900",0.806563093326986,0.157921905163676,0.0269509011413902
"901",0.418344255071133,0.0690920408815145,0.709188063628972
"902",0.30509046674706,0.528516945894808,0.385206392267719
"903",0.295891437679529,0.544168959138915,0.284506452037022
"904",0.223993184044957,0.943791358498856,0.037290409905836
"905",0.453348079929128,0.848696023691446,0.117165532894433
"906",0.999665369512513,0.665584125556052,0.283751867478713
"907",0.743248693877831,0.887761939549819,0.391096501378343
"908",0.326205260120332,0.621053407667205,0.814441764261574
"909",0.689061646349728,0.745347549207509,0.927585867466405
"910",0.958113178610802,0.548414378194138,0.898375367512926
"911",0.325065228156745,0.179333446081728,0.893611880484968
"912",0.236228133551776,0.0939152808859944,0.437969719292596
"913",0.236095121363178,0.979215285973623,0.684395318152383
"914",0.703197622904554,0.18150407448411,0.504967542365193
"915",0.712067224085331,0.371651756344363,0.161429696017876
"916",0.472022437490523,0.291897131595761,0.952710032463074
"917",0.170388665283099,0.977308733388782,0.881034800317138
"918",0.0605031568557024,0.215885449899361,0.898284986848012
"919",0.811169147957116,0.670349175808951,0.978436367120594
"920",0.607737698359415,0.641271603759378,0.96538679394871
"921",0.452415501931682,0.448187071131542,0.886216130107641
"922",0.970300940331072,0.374722630251199,0.780282453866675
"923",0.612702539423481,0.860010376432911,0.486232224386185
"924",0.800441417843103,0.674844520399347,0.797591373790056
"925",0.825068415841088,0.719512276118621,0.124590930296108
"926",0.631011656252667,0.574316082755104,0.611078689340502
"927",0.0407552253454924,0.165599621133879,0.608511817874387
"928",0.508132056333125,0.792025856906548,0.746578933671117
"929",0.769993288209662,0.813530932413414,0.193258890416473
"930",0.156897344626486,0.125237108906731,0.713437280850485
"931",0.504670936614275,0.724324259208515,0.709153757430613
"932",0.660084570758045,0.158090996323153,0.519727970473468
"933",0.757147872820497,0.842393710976467,0.0359267976600677
"934",0.221531144110486,0.898018494481221,0.604169341968372
"935",0.86120473453775,0.863395157968625,0.710853674914688
"936",0.822514930739999,0.589113933034241,0.416689926292747
"937",0.668598335701972,0.789205611683428,0.846282395534217
"938",0.621396075002849,0.0765192438848317,0.175602306611836
"939",0.609023632947356,0.457382863853127,0.730260718613863
"940",0.975399479735643,0.262198223732412,0.831923196557909
"941",0.0297310813330114,0.643603562610224,0.0276108144316822
"942",0.174240996362641,0.509681566851214,0.234595341840759
"943",0.421453186310828,0.919886560644954,0.304460116196424
"944",0.662930378923193,0.949496034998447,0.429898036643863
"945",0.644990491913632,0.513465225929394,0.342287746025249
"946",0.294873657403514,0.994411484105512,0.0910362212453038
"947",0.48456318420358,0.802147349575534,0.956625005695969
"948",0.807465345133096,0.512320275651291,0.768286484759301
"949",0.452865108847618,0.236537481658161,0.240180740132928
"950",0.874960499815643,0.564699914539233,0.547185838222504
"951",0.450024208286777,0.0136224715970457,0.543433472979814
"952",0.507059319177642,0.242961659096181,0.717267881846055
"953",0.10475751850754,0.0359413856640458,0.150046116672456
"954",0.176744156051427,0.968732613371685,0.0814268458634615
"955",0.771866833791137,0.181996426777914,0.215808146167547
"956",0.306522418977693,0.653498833766207,0.740604766178876
"957",0.7744543524459,0.18773147999309,0.164875873830169
"958",0.889850450446829,0.202919138362631,0.983767916215584
"959",0.64957089535892,0.072466298006475,0.651535588782281
"960",0.886933011235669,0.0574302319437265,0.169489413267002
"961",0.241684924345464,0.461224341532215,0.955971278948709
"962",0.0447280609514564,0.695087776752189,0.804376373533159
"963",0.321731356205419,0.918622286058962,0.848475490696728
"964",0.537722004111856,0.0740364259108901,0.990826138528064
"965",0.0558716922532767,0.413640764541924,0.108609969029203
"966",0.777011580532417,0.125200952403247,0.316211899975315
"967",0.530176271451637,0.300524073652923,0.964806583244354
"968",0.991038464475423,0.0732235761824995,0.117060963762924
"969",0.101793879875913,0.212708374019712,0.176600514911115
"970",0.482570641674101,0.338522483129054,0.602404149482027
"971",0.676634937524796,0.570566885638982,0.316653428366408
"972",0.526748175965622,0.958118832902983,0.596862794598565
"973",0.258550488622859,0.967118852073327,0.789851287379861
"974",0.561706376960501,0.295679173897952,0.908510960405692
"975",0.920014582574368,0.110477850306779,0.241108267102391
"976",0.297060791868716,0.858259143307805,0.0909494063816965
"977",0.0127660660073161,0.0633904675487429,0.0148459209594876
"978",0.0337017916608602,0.334171277470887,0.670745252864435
"979",0.121120001887903,0.736030716216192,0.446857646340504
"980",0.72593166353181,0.843302080174908,0.632049361476675
"981",0.985222064191476,0.356275482336059,0.707698115846142
"982",0.534004486165941,0.14653624757193,0.90300581487827
"983",0.996646823594347,0.54580109147355,0.826312340563163
"984",0.345840977039188,0.661467792000622,0.221951249754056
"985",0.0622183356899768,0.702254234813154,0.942118141101673
"986",0.0528944360557944,0.786823110422119,0.638433453859761
"987",0.431367723271251,0.956673964159563,0.904921401059255
"988",0.490862923907116,0.92899534269236,0.126083016395569
"989",0.53529550996609,0.733667613007128,0.079219508683309
"990",0.657731940504164,0.562228203052655,0.375001727137715
"991",0.20783791015856,0.735485752113163,0.50847046659328
"992",0.694639961235225,0.497582907788455,0.628535627154633
"993",0.711432452546433,0.464671715162694,0.892103749094531
"994",0.943706419551745,0.697735303547233,0.529325960902497
"995",0.573340682312846,0.209018765250221,0.644888197770342
"996",0.852291449671611,0.208378238370642,0.344056562287733
"997",0.311149698682129,0.986760704079643,0.182416091905907
"998",0.147333510452881,0.697818935383111,0.649361464660615
"999",0.73173003573902,0.988865094259381,0.198253767797723
"1000",0.21458857296966,0.295407701516524,0.438007737044245
